NIC code,Division Description,Group Description,Reg.No,Name of the factory,H.P.,Men,Women,Total,Max. Empt.,Ave. Empt.
10612,Manufacture of food products,Manufacture of grain mill products,62375,Sri Balaji Rice Mill,74,6,0,6,9,6
21004,Manufacture of pharmaceuticals,Manufacture of pharmaceuticals,62722,Shantha Bio Technics Pvt. Ltd.,7130,1090,20,1110,1500,1110
10612,Manufacture of food products,Manufacture of grain mill products,62892,Sri Sreenivas Rice Mill,74,8,0,8,9,8
24202,Manufacture of basic metals,Manufacture of basic precious and other non-ferrous metals,67739,O&S Ratna Al.Fabrication Pvt. Ltd.,20,30,0,30,50,30
24105,Manufacture of basic metals,Manufacture of basic iron and steel,67998,BS Ltd.,612,101,0,101,150,101
1640,Crop and animal production,Support activities to agriculture and post-harvest crop activities,97329,Sri Sai Seeds,28,8,4,12,20,12
22202,Manufacture of rubber and plastics products,Manufacture of plastics products,97687,"Padmaja Poly Pack Pvt.Ltd,",835,80,5,85,100,85
10309,Manufacture of food products,Processing and preserving of fruit and vegetables,97717,Gubba Cold Storage Ltd.,483,32,0,32,50,32
10309,Manufacture of food products,Processing and preserving of fruit and vegetables,97719,Gubba Green Cold Pvt. Ltd.,213.5,33,0,33,50,33
8106,Other mining and quarrying,Quarrying of stone,67746,IJM Concrete Products Pvt. Ltd.,950,60,0,60,100,60
24319,Manufacture of basic metals,Casting of metals,67431,Sri Sai Castings,18,10,2,12,20,12
23919,Manufacture of other non-metallic mineral products,Manufacture of non-metallic mineral products n.e.c.,97561,Navayuga Infratech (I) Pvt. Ltd.,97,16,3,19,20,19
21006,Manufacture of pharmaceuticals,Manufacture of pharmaceuticals,97023,Oyster Medisafe Pvt. Ltd.,1763,220,40,260,500,260
1640,Crop and animal production,Support activities to agriculture and post-harvest crop activities,97810,Aditya Seeds ,148.5,40,10,50,50,50
13111,Manufacture of textiles,Spinning,97084,Srinath Spinners Ltd.,1745.3,148,2,150,150,150
22203,Manufacture of rubber and plastics products,Manufacture of plastics products,97179,Welset Polypack (P) Ltd.,793,19,2,21,50,21
23960,Manufacture of other non-metallic mineral products,Manufacture of non-metallic mineral products n.e.c.,97653,Sri Krishna Stones,134,15,0,15,20,15
10802,Manufacture of food products,Manufacture of prepared animal feeds,97767,JBR Breeders Pvt. Ltd.,274,12,0,12,20,12
8106,Other mining and quarrying,Quarrying of stone,97223,Robo Silicon Ltd.,1037,28,0,28,50,28
1640,Crop and animal production,Support activities to agriculture and post-harvest crop activities,67702,Vibha Agrotech Ltd.,461,119,2,121,150,121
25999,Manufacture of fabricated metal products,Manufacture of other fabricated metal products; metalworking service,67903,Megha Engg & Infrastructurers Ltd.,11969.2,256,0,256,500,256
24320,Manufacture of basic metals,Casting of metals,97369,Saaketh Iron Inds. Pvt. Ltd.,120,14,2,16,20,16
24320,Manufacture of basic metals,Casting of metals,97581,Perfect Die Cast,177,19,1,20,50,20
1640,Crop and animal production,Support activities to agriculture and post-harvest crop activities,97833,HM Clause India Pvt.Ltd,240,38,0,38,50,38
1640,Crop and animal production,Support activities to agriculture and post-harvest crop activities,97915,Seedworks International Pvt. Ltd.,30,11,0,11,20,11
23955,Manufacture of other non-metallic mineral products,Manufacture of non-metallic mineral products n.e.c.,62211,Bhooratnam Construction Co. Pvt. Ltd.,50,12,0,12,20,12
23999,Manufacture of other non-metallic mineral products,Manufacture of non-metallic mineral products n.e.c.,62457,Navadurga Minerals Inds. Ltd.,125,40,0,40,50,40
1640,Crop and animal production,Support activities to agriculture and post-harvest crop activities,62610,Sri Ram Bioseed Genetics,835,256,20,276,500,276
23954,Manufacture of other non-metallic mineral products,Manufacture of non-metallic mineral products n.e.c.,62928,Sri KPR Industries Ltd,1287,140,20,160,250,160
1640,Crop and animal production,Support activities to agriculture and post-harvest crop activities,67057,Yaganti Seeds Pvt. Ltd.,140,100,0,100,100,100
14101,Manufacture of wearing apparel,Manufacture of wearing apparel,67227,Kartik Exports,39,55,5,60,100,60
14101,Manufacture of wearing apparel,Manufacture of wearing apparel,67245,Chermas Exquisits Ltd,610,50,50,100,50,100
1640,Crop and animal production,Support activities to agriculture and post-harvest crop activities,67297,Venkateswara Seed Tech,100,75,0,75,100,75
1640,Crop and animal production,Support activities to agriculture and post-harvest crop activities,67298,Raji Seeds Form,88,26,0,26,50,26
21003,Manufacture of pharmaceuticals,Manufacture of pharmaceuticals,67380,Alkaloids Pvt. Ltd. - I,280,24,0,24,100,24
1640,Crop and animal production,Support activities to agriculture and post-harvest crop activities,67461,Shaila Investment & Financial Consultants Pvt. Ltd.,150,13,44,57,100,57
1640,Crop and animal production,Support activities to agriculture and post-harvest crop activities,67492,Chaitanya Seeds (P) Ltd.,176,60,20,80,100,80
1640,Crop and animal production,Support activities to agriculture and post-harvest crop activities,67493,Zuari Agri Sciences Ltd.,100,125,15,140,150,140
16101,Manufacture of wood and products of wood and cork,Sawmilling and planing of wood,67497,Satyam Timbers,143,17,0,17,20,17
14101,Manufacture of wearing apparel,Manufacture of wearing apparel,67507,Helsa Icon India Pvt. Ltd.,10,12,0,12,20,12
14101,Manufacture of wearing apparel,Manufacture of wearing apparel,67508,Racherla Garments Pvt Ltd,78,35,75,110,150,110
14101,Manufacture of wearing apparel,Manufacture of wearing apparel,67627,Hindusthan Apparel Industries,258.5,75,182,257,500,257
25920,Manufacture of fabricated metal products,Manufacture of other fabricated metal products; metalworking service,67672,Integrated Cleanroom Technologies,84,65,0,65,100,65
14101,Manufacture of wearing apparel,Manufacture of wearing apparel,67708,Symatic Engg. Pvt. Ltd.,74,15,0,15,50,15
20219,Manufacture of chemicals and chemical products,Manufacture of other chemical products,67717,Kaveri MicroTeck Pvt.Ltd,397.83,130,10,140,150,140
14101,Manufacture of wearing apparel,Manufacture of wearing apparel,67741,Pokarna Ltd.,760,325,25,350,500,350
1640,Crop and animal production,Support activities to agriculture and post-harvest crop activities,67753,Kaveri Seed Company Pvt. Ltd.,63,60,25,85,100,85
1640,Crop and animal production,Support activities to agriculture and post-harvest crop activities,67755,Chaitanya Agri-Tech,195,6,28,34,50,34
18119,Printing and reproduction of recorded media,Printing and service activities related to printing,67776,GMG Pack Aids Pvt. Ltd.,41,23,6,29,50,29
13122,Manufacture of textiles,Spinning,67914,Kolour Spintek Ltd.,167,13,3,16,20,16
18119,Printing and reproduction of recorded media,Printing and service activities related to printing,97059,Stay On Papers Pvt. Ltd.,135,21,0,21,50,21
14101,Manufacture of wearing apparel,Manufacture of wearing apparel,97060,RK Apparel Fashions Pvt. Ltd.,250,57,45,102,150,102
24103,Manufacture of basic metals,Manufacture of basic iron and steel,97101,Somani Ispat Pvt. Ltd.,144,23,0,23,50,23
25999,Manufacture of fabricated metal products,Manufacture of other fabricated metal products; metalworking service,97143,Integrated Cleanroom Technologies  Pvt. Ltd.,412,375,0,375,500,375
24202,Manufacture of basic metals,Manufacture of basic precious and other non-ferrous metals,97144,Aryan Extrusion India Ltd.,250,38,0,38,50,38
17011,Manufacture of paper and paper products,Manufacture of paper and paper products,29621,C.N. Paper Products ,72,20,10,30,50,30
14101,Manufacture of wearing apparel,Manufacture of wearing apparel,97221,Kesari Fibres Pvt. Ltd,42,18,5,23,50,23
18119,Printing and reproduction of recorded media,Printing and service activities related to printing,97225,Singhania Offset Printers Pvt. Ltd.,461,60,20,80,100,80
1640,Crop and animal production,Support activities to agriculture and post-harvest crop activities,97246,Jam Jam Agritech,95,42,11,53,100,53
1640,Crop and animal production,Support activities to agriculture and post-harvest crop activities,97296,JK Agri Genetics Ltd.,663,120,15,135,250,135
14101,Manufacture of wearing apparel,Manufacture of wearing apparel,97368,E-Yantra Industries Ltd.,36,40,25,65,100,65
22203,Manufacture of rubber and plastics products,Manufacture of plastics products,97371,Sri Krishna Polypack Pvt. Ltd.,435.3,35,16,51,100,51
24320,Manufacture of basic metals,Casting of metals,97372,C2P Engg. Solutions Pvt. Ltd.,104,18,12,30,100,30
27400,Manufacture of electrical equipment,Manufacture of electric lighting equipment,97399,Fortune Art LED Lighting Pvt. Ltd.,232,122,0,122,150,122
1640,Crop and animal production,Support activities to agriculture and post-harvest crop activities,97407,VNR Seeds Pvt. Ltd.,90,7,8,15,20,15
13934,Manufacture of textiles,Manufacture of other textiles,97439,Davinci Jacquard Fabrics (I) Pvt. Ltd.,150,10,0,10,20,10
22203,Manufacture of rubber and plastics products,Manufacture of plastics products,97442,Lorven Flex & Sack India Pvt. Ltd.,750,152,0,152,250,152
25920,Manufacture of fabricated metal products,Manufacture of other fabricated metal products; metalworking service,97471,MRC I Clean Systems Pvt. Ltd.,29,50,0,50,50,50
17011,Manufacture of paper and paper products,Manufacture of paper and paper products,30634,Sri Shyam Paper Process,24,8,7,15,20,15
17011,Manufacture of paper and paper products,Manufacture of paper and paper products,68816,R R Pulp Packages,74,50,10,60,100,60
10732,Manufacture of food products,Manufacture of other food products,97504,Sresta Natural Bioproducts Pvt. Ltd.,321,10,35,45,150,45
31001,Manufacture of furniture,Manufacture of furniture,97537,JVR Interiors Pvt. Ltd.,235,40,10,50,50,50
10732,Manufacture of food products,Manufacture of other food products,97608,Inbisco India Pvt. Ltd.,2135KW,525,20,545,1000,545
17011,Manufacture of paper and paper products,Manufacture of paper and paper products,39363,Ballarpur Industries Ltd,"40,179",1400,100,1500,1500,1000
13139,Manufacture of textiles,Spinning,97652,Bella Vista International Fashions pvt.ltd,74,55,8,63,100,63
22209,Manufacture of rubber and plastics products,Manufacture of plastics products,97805,Stick Mail Products Pvt.Ltd,80,14,0,14,20,14
18119,Printing and reproduction of recorded media,Printing and service activities related to printing,97821,Positive Flexo Pack Pvt.Ltd,230,20,0,20,20,20
43301,Specialized construction activities,Building completion and finishing,97831,Himshitsu Manufacturing Pvt. Ltd.,108,40,0,40,50,40
17012,Manufacture of paper and paper products,Manufacture of paper and paper products,34002,"The Sirpur Paper Mills Ltd,  Skz",52871,3500,43,3543,5000,3543
27102,Manufacture of electrical equipment,Manufacture of electric motors,97871,"Manu Power Equipment Pvt. Ltd.,",200,72,0,72,100,72
10501,Manufacture of food products,Manufacture of dairy products,97882,Sri Vidya Dairy,250,18,0,18,20,18
10719,Manufacture of food products,Manufacture of other food products,97885,"Apricot Foods Pvt. Ltd.,",186.5,18,0,18,20,18
10799,Manufacture of food products,Manufacture of other food products,97901,Allivm Foods Pvt. Ltd.,23,8,7,15,20,15
20294,Manufacture of chemicals and chemical products,Manufacture of other chemical products,97909,Plaster Poly Film,232,11,0,11,20,11
22209,Manufacture of rubber and plastics products,Manufacture of plastics products,97910,Hyderabad Flexible Packaging Industry,292,9,3,12,20,12
29201,Manufacture of motor vehicles,Manufacture of bodies (coachwork) for motor vehicles; manufacture of trailers and semi-trailers,97692,Hitech Coach Builders,30,18,0,18,20,18
25920,Manufacture of fabricated metal products,Manufacture of other fabricated metal products; metalworking service,97716,Patny Systems Pvt. Ltd.,95,15,0,15,20,15
31003,Manufacture of furniture,Manufacture of furniture,97733,Vesar Furnitek Pvt. Ltd.,28,18,0,18,20,18
22203,Manufacture of rubber and plastics products,Manufacture of plastics products,97736,Lorven Poly Films,178,15,0,15,20,15
24202,Manufacture of basic metals,Manufacture of basic precious and other non-ferrous metals,97822,Sagar Asia Pvt. Ltd. ( Unit-II),61,30,0,30,50,30
24203,Manufacture of basic metals,Manufacture of basic precious and other non-ferrous metals,97868,"Zensar Suppliers Pvt. Ltd.,",97.5,12,0,12,20,12
24202,Manufacture of basic metals,Manufacture of basic precious and other non-ferrous metals,97891,Bharat Metal Works,184,22,0,22,50,22
29301,Manufacture of motor vehicles,Manufacture of parts and accessories for motor vehicles,62059,Rane Engine Valves Ltd.,7500,400,60,460,500,460
25920,Manufacture of fabricated metal products,Manufacture of other fabricated metal products; metalworking service,62080,Astra Diamond Tools Co. Pvt Ltd.,125,14,2,16,20,16
21001,Manufacture of pharmaceuticals,Manufacture of pharmaceuticals,62141,Medchal Chemicals & Pharmaceuticals (P) Ltd.,250,30,2,32,50,32
25920,Manufacture of fabricated metal products,Manufacture of other fabricated metal products; metalworking service,62160,Fine Fab Pvt. Ltd.,60,18,2,20,20,20
24103,Manufacture of basic metals,Manufacture of basic iron and steel,62171,Sarwotham Ispat Ltd.,9095.8,200,10,210,250,210
20223,Manufacture of chemicals and chemical products,Manufacture of other chemical products,62206,Hyderabad Electroplating works -II,125kv,10,6,16,20,16
25920,Manufacture of fabricated metal products,Manufacture of other fabricated metal products; metalworking service,62212,Asian Engg. Pvt. Ltd.,124,35,5,40,50,40
10402,Manufacture of food products,Manufacture of vegetable and animal oils and fats,62377,Century Oils Ltd.,74,13,3,16,20,16
21002,Manufacture of pharmaceuticals,Manufacture of pharmaceuticals,62407,Monarch Laboratories,50,25,0,25,50,25
23960,Manufacture of other non-metallic mineral products,Manufacture of non-metallic mineral products n.e.c.,62572,Venkateswara Granite Industries,74,11,0,11,20,11
10402,Manufacture of food products,Manufacture of vegetable and animal oils and fats,62586,Supreme Lubricants Pvt. Ltd.,99,12,0,12,20,12
10732,Manufacture of food products,Manufacture of other food products,62642,Sampre Nutritions Ltd.,250,200,0,200,250,200
23960,Manufacture of other non-metallic mineral products,Manufacture of non-metallic mineral products n.e.c.,62646,Navakar Rocks,150,15,0,15,20,15
27104,Manufacture of electrical equipment,Manufacture of electric motors,62662,ENSO Secutrack Ltd.,75,49,5,54,100,54
10719,Manufacture of food products,Manufacture of other food products,62663,Yum Yum Food Specialities,50,8,8,16,20,16
10732,Manufacture of food products,Manufacture of other food products,62707,Roys Industries Ltd.,250 KVA,210,10,220,250,220
21002,Manufacture of pharmaceuticals,Manufacture of pharmaceuticals,62738,Veco Labs Pvt. Ltd.,30,11,0,11,20,11
20133,Manufacture of chemicals and chemical products,Manufacture of basic chemicals,62740,Sheela Foam (P) Ltd.,629,400,0,400,500,400
25993,Manufacture of fabricated metal products,Manufacture of other fabricated metal products; metalworking service,62741,Standard Electrodes Pvt Ltd.,132,22,0,22,50,22
13111,Manufacture of textiles,Spinning,62743,Srinath Spinning Mills Ltd.,809,110,20,130,150,130
21001,Manufacture of pharmaceuticals,Manufacture of pharmaceuticals,62785,Posh Chemicals Pvt. Ltd.,396,35,0,35,50,35
11019,Manufacture of beverages,Manufacture of beverages,62898,Rhizome Distilleries Ltd.,75,145,25,170,250,170
23102,Manufacture of other non-metallic mineral products,Manufacture of glass and glass products,67063,Indus Insul Pvt. Ltd.,60,16,0,16,20,16
25920,Manufacture of fabricated metal products,Manufacture of other fabricated metal products; metalworking service,67083,Mechtrolin Industries,36,6,0,6,9,6
25920,Manufacture of fabricated metal products,Manufacture of other fabricated metal products; metalworking service,67151,Gurupreet Galvanising  Pvt. Ltd.,170,24,0,24,50,24
22191,Manufacture of rubber and plastics products,Manufacture of rubber products,67177,Delta Rubber Products Pvt.Ltd,300,20,5,25,50,25
27102,Manufacture of electrical equipment,Manufacture of electric motors,67224,Vidyut Control Systems Pvt. Ltd.,150,125,3,128,150,128
10309,Manufacture of food products,Processing and preserving of fruit and vegetables,67263,Gubba Cold Storage Pvt. Ltd.,320KV,12,0,12,20,12
22203,Manufacture of rubber and plastics products,Manufacture of plastics products,67299,Andhra Expanded Polystyrene Pvt. Ltd,180,20,10,30,50,30
22191,Manufacture of rubber and plastics products,Manufacture of rubber products,67356,Nirmal Rubber Industries,150,15,0,15,20,15
21002,Manufacture of pharmaceuticals,Manufacture of pharmaceuticals,67389,Livin Formulations,40,8,7,15,20,15
25999,Manufacture of fabricated metal products,Manufacture of other fabricated metal products; metalworking service,67404,Thirumala Metal Sections Pvt. Ltd.,35,10,0,10,20,10
23999,Manufacture of other non-metallic mineral products,Manufacture of non-metallic mineral products n.e.c.,67405,Phenolm India Pvt. Ltd.,66,12,1,13,20,13
22204,Manufacture of rubber and plastics products,Manufacture of plastics products,67504,Neeharika Industries Pvt Ltd.,943,56,0,56,100,56
18200,Printing and reproduction of recorded media,Reproduction of recorded media,67521,Aditya Music India Ltd.,48,12,2,14,20,14
21001,Manufacture of pharmaceuticals,Manufacture of pharmaceuticals,67608,Ace Ketones Pvt. Ltd.,75,24,0,24,50,24
21002,Manufacture of pharmaceuticals,Manufacture of pharmaceuticals,67646,JVR  Fine Chemie Pvt. Ltd.,95,17,1,18,50,18
22202,Manufacture of rubber and plastics products,Manufacture of plastics products,97681,SPC Fab Pvt. Ltd.,220,20,2,22,50,22
21001,Manufacture of pharmaceuticals,Manufacture of pharmaceuticals,67696,Nippy Chemicals,63,10,4,14,20,14
23999,Manufacture of other non-metallic mineral products,Manufacture of non-metallic mineral products n.e.c.,67697,Nava Durga Fullers Earth,150,8,2,10,20,10
21001,Manufacture of pharmaceuticals,Manufacture of pharmaceuticals,67762,Issar Pharmaceuticals Pvt. Ltd.,74,11,2,13,20,13
16213,Manufacture of wood and products of wood and cork,Manufacture of products of wood,67774,Glam Wood Industries,146,25,5,30,50,30
1640,Crop and animal production,Support activities to agriculture and post-harvest crop activities,67926,Prasad Seeds Pvt. Ltd.,360,81,30,111,150,111
1640,Crop and animal production,Support activities to agriculture and post-harvest crop activities,67927,Prasad Seed Farm Industries,119,6,15,21,50,21
17012,Manufacture of paper and paper products,Manufacture of paper and paper products,48673,Sri Vani Print  & Pack,65,20,0,20,20,20
18121,Printing and reproduction of recorded media,Printing and service activities related to printing,67981,Bhasker Book Manufacturers,146,101,20,121,150,121
23955,Manufacture of other non-metallic mineral products,Manufacture of non-metallic mineral products n.e.c.,67987,RMC Readymix India Pvt.Ltd,179,10,0,10,20,10
17012,Manufacture of paper and paper products,Manufacture of paper and paper products,48826,SVPCL Ltd,64,50,0,50,50,50
16213,Manufacture of wood and products of wood and cork,Manufacture of products of wood,97052,Astha Plywood,44,23,0,23,50,23
21001,Manufacture of pharmaceuticals,Manufacture of pharmaceuticals,97109,Perkin Laboratories,180,70,0,70,100,70
10309,Manufacture of food products,Processing and preserving of fruit and vegetables,97113,Thirumala Tirupathi Agro Cold Storage (P) Ltd.,255,7,3,10,20,10
24103,Manufacture of basic metals,Manufacture of basic iron and steel,97125,Sarwottam Ispat Ltd.,6610,111,0,111,150,111
23999,Manufacture of other non-metallic mineral products,Manufacture of non-metallic mineral products n.e.c.,97128,Chargewave Energykem (P) Ltd.,73,15,1,16,20,16
21001,Manufacture of pharmaceuticals,Manufacture of pharmaceuticals,97208,Nippy Chemicals,70,10,5,15,20,15
1640,Crop and animal production,Support activities to agriculture and post-harvest crop activities,97242,Prasad Seeds Pvt. Ltd. -III,119,24,8,32,50,32
22203,Manufacture of rubber and plastics products,Manufacture of plastics products,97282,Subra Industries,74,10,4,14,20,14
21001,Manufacture of pharmaceuticals,Manufacture of pharmaceuticals,97309,Lepranal Pharmaceuticals Pvt. Ltd.,46.5,12,2,14,20,14
31005,Manufacture of furniture,Manufacture of furniture,97318,ASPY Bedding Products,20,10,0,10,20,10
21002,Manufacture of pharmaceuticals,Manufacture of pharmaceuticals,97352,Sri Vani Fine Chemicals,70,14,0,14,20,14
21002,Manufacture of pharmaceuticals,Manufacture of pharmaceuticals,97367,Hyderabad Chemicals,70,14,0,14,20,14
21002,Manufacture of pharmaceuticals,Manufacture of pharmaceuticals,97373,Jagannath Mercantile Pvt. Ltd.,419,12,4,16,20,16
29201,Manufacture of motor vehicles,Manufacture of bodies (coachwork) for motor vehicles; manufacture of trailers and semi-trailers,97435,Krupasai Coach Builders,45,10,0,10,20,20
20131,Manufacture of chemicals and chemical products,Manufacture of basic chemicals,97515,Pumax Chemicals Pvt. Ltd.,32,15,0,15,20,15
17012,Manufacture of paper and paper products,Manufacture of paper and paper products,32801,Vedadri Paper Mills India Pvt.Ltd.,3378,140,5,145,150,145
28191,Manufacture of machinery and equipment n.e.c.,Manufacture of general purpose machinery,97827,Rockwell Industries Ltd.,676.2,150,0,150,150,150
22209,Manufacture of rubber and plastics products,Manufacture of plastics products,97835,Varshini Polymers,89,20,0,20,20,20
20131,Manufacture of chemicals and chemical products,Manufacture of basic chemicals,97899,Someshwara Rubber Products,242.5,30,8,38,50,38
20119,Manufacture of chemicals and chemical products,Manufacture of basic chemicals,62142,Uni Royal Chemicals Pvt. Ltd.,233,23,0,23,50,23
1640,Crop and animal production,Support activities to agriculture and post-harvest crop activities,62739,Ganga Kaveri Seeds Pvt. Ltd.,485,20,10,30,50,30
1640,Crop and animal production,Support activities to agriculture and post-harvest crop activities,97129,"Nunhems Vegitable Seeds Pvt.Ltd,",160,60,0,60,100,80
25920,Manufacture of fabricated metal products,Manufacture of other fabricated metal products; metalworking service,62990,Unicorn Industries Ltd.,433,150,10,160,250,160
1640,Crop and animal production,Support activities to agriculture and post-harvest crop activities,67140,Santhoshi Seed Processing Unit,30,20,5,25,50,25
25910,Manufacture of fabricated metal products,Manufacture of other fabricated metal products; metalworking service,67225,Salasar Enterprises,65,14,3,17,20,17
1640,Crop and animal production,Support activities to agriculture and post-harvest crop activities,67247,Kaveri Microtech Pvt.Ltd,111,10,15,25,50,25
10309,Manufacture of food products,Processing and preserving of fruit and vegetables,67962,SSS Warehousing & Supply Chain Solutions (P)Ltd,223,130,10,140,150,140
20231,Manufacture of chemicals and chemical products,Manufacture of other chemical products,97051,Bhagavati Outsourcing Pvt. Ltd.,40,15,15,30,50,30
23955,Manufacture of other non-metallic mineral products,Manufacture of non-metallic mineral products n.e.c.,97064,Ultratech Cement Ltd.,314,35,0,35,50,35
24106,Manufacture of basic metals,Manufacture of basic iron and steel,97069,Anjana Steel Tubes,345,17,0,17,20,17
28299,Manufacture of machinery and equipment n.e.c.,Manufacture of special-purpose machinery,97253,Tata Projects Ltd (WPPDC),91,16,0,16,100,16
1640,Crop and animal production,Support activities to agriculture and post-harvest crop activities,97264,Nunhems India Pvt. Ltd.,686,325,30,355,500,355
17012,Manufacture of paper and paper products,Manufacture of paper and paper products,35673,"Swathi Perfumes Pvt. Ltd., 503175",34,10,2,12,20,15
21002,Manufacture of pharmaceuticals,Manufacture of pharmaceuticals,97392,Srinivasa Enterprises,25,60,20,80,100,80
18121,Printing and reproduction of recorded media,Printing and service activities related to printing,97495,Wewin  Paper Products ,97,49,8,57,100,57
10309,Manufacture of food products,Processing and preserving of fruit and vegetables,97500,Riddhi Agro Cold Care,250,8,2,10,20,10
1640,Crop and animal production,Support activities to agriculture and post-harvest crop activities,97590,Seed Works International Pvt. Ltd.,29,16,0,16,20,16
17012,Manufacture of paper and paper products,Manufacture of paper and paper products,63217,Swathi Printers,19,10,3,13,20,10
24202,Manufacture of basic metals,Manufacture of basic precious and other non-ferrous metals,97770,Lakshmi Sai Windoors,11,12,0,12,20,12
16213,Manufacture of wood and products of wood and cork,Manufacture of products of wood,97789,Shubham Plywood Industry,38,18,0,18,20,18
1640,Crop and animal production,Support activities to agriculture and post-harvest crop activities,97775,"Manisha Agro Biotech Pvt.Ltd,",183,22,0,22,50,22
25920,Manufacture of fabricated metal products,Manufacture of other fabricated metal products; metalworking service,97902,Mutchell Engineering Pvt.Ltd.,45.5,13,0,13,20,13
25121,Manufacture of fabricated metal products,Manufacture of structural metal products,62613,Winfab Equipments Pvt. Ltd.,500,50,0,50,100,50
28162,Manufacture of machinery and equipment n.e.c.,Manufacture of general purpose machinery,67115,Grip Engineers Pvt. Ltd.,122,65,0,65,100,65
23959,Manufacture of other non-metallic mineral products,Manufacture of non-metallic mineral products n.e.c.,67283,Weatherstone Bldg. Blocks (P) Ltd.,60,14,5,19,20,19
23959,Manufacture of other non-metallic mineral products,Manufacture of non-metallic mineral products n.e.c.,67933,Ultra Tiles Pvt. Ltd.,48,58,0,58,100,58
23955,Manufacture of other non-metallic mineral products,Manufacture of non-metallic mineral products n.e.c.,97180,RDC Concrete India Pvt Ltd.,203,35,0,35,50,35
25999,Manufacture of fabricated metal products,Manufacture of other fabricated metal products; metalworking service,97181,Rolastar (P) Ltd.,90,85,5,90,100,90
22208,Manufacture of rubber and plastics products,Manufacture of plastics products,97472,Time Technoplast Ltd.,1960,50,0,50,50,50
31005,Manufacture of furniture,Manufacture of furniture,97704,SAPY Bedding Products,24,18,0,18,20,18
10617,Manufacture of food products,Manufacture of grain mill products,97799,Sumo Biscuits Pvt. Ltd.,370,61,0,61,100,61
45200,Wholesale and retail trade and repair of motor vehicles and motorcycles,Maintenance and repair of motor vehicles,62085,"APSRTC Bus Depot,Medchal",17,80,0,80,100,80
16101,Manufacture of wood and products of wood and cork,Sawmilling and planing of wood,62224,Sai Durga Timber Merchant & Saw Mill,15,7,0,7,9,7
25920,Manufacture of fabricated metal products,Manufacture of other fabricated metal products; metalworking service,62332,Mark Engineering Industries,48,14,0,14,20,14
28191,Manufacture of machinery and equipment n.e.c.,Manufacture of general purpose machinery,62373,Rockwell Industries Ltd.,343,400,5,405,500,405
25993,Manufacture of fabricated metal products,Manufacture of other fabricated metal products; metalworking service,62675,Vinod Tubes Pvt. Ltd.,200,15,2,17,20,17
25993,Manufacture of fabricated metal products,Manufacture of other fabricated metal products; metalworking service,62800,Vinayak Tubes Pvt. Ltd.,21,20,0,20,20,20
24319,Manufacture of basic metals,Casting of metals,62940,Twin City Castings Pvt. Ltd.,961,20,0,20,20,20
16211,Manufacture of wood and products of wood and cork,Manufacture of products of wood,67054,Rainbow Plywood Pvt. Ltd.,65,20,3,23,50,23
21003,Manufacture of pharmaceuticals,Manufacture of pharmaceuticals,67067,Alkaloids Pvt Ltd-II,150,10,2,12,20,12
16101,Manufacture of wood and products of wood and cork,Sawmilling and planing of wood,67125,SK Saw Mill and Timber Depot,16,4,0,4,9,4
10795,Manufacture of food products,Manufacture of other food products,67294,Hitech Spices Pvt.Ltd,130,16,3,19,20,19
27201,Manufacture of electrical equipment,Manufacture of batteries and accumulators,67437,NED Energy Limited,4000,110,5,115,150,115
10612,Manufacture of food products,Manufacture of grain mill products,67465,Sri Venkateswara Rice Mill,74,6,1,7,9,7
16101,Manufacture of wood and products of wood and cork,Sawmilling and planing of wood,67547,Varalakshmi Saw Mill,12,3,0,3,9,3
16101,Manufacture of wood and products of wood and cork,Sawmilling and planing of wood,67560,Md. Khaja Mohinuddin Quadri Saw Mill,16,5,0,5,9,5
16211,Manufacture of wood and products of wood and cork,Manufacture of products of wood,67580,Subhash Wood Products,48,17,0,17,50,17
17012,Manufacture of paper and paper products,Manufacture of paper and paper products,35976,Esji Paper Industries,102.5,10,1,11,20,15
29201,Manufacture of motor vehicles,Manufacture of bodies (coachwork) for motor vehicles; manufacture of trailers and semi-trailers,67756,NBK Engg. & Fabricator,49,12,0,12,20,12
24202,Manufacture of basic metals,Manufacture of basic precious and other non-ferrous metals,67826,Sumangalam Al. Extrusions Pvt. Ltd.,1000,25,2,27,50,27
25920,Manufacture of fabricated metal products,Manufacture of other fabricated metal products; metalworking service,67885,HST Steels Pvt. Ltd.,470,10,0,10,20,10
10732,Manufacture of food products,Manufacture of other food products,67995,Hyderabad Food Products Pvt. Ltd.,158,117,0,117,150,117
1640,Crop and animal production,Support activities to agriculture and post-harvest crop activities,97025,Prasad Seeds Pvt. Ltd -II,1826,60,15,75,100,75
25991,Manufacture of fabricated metal products,Manufacture of other fabricated metal products; metalworking service,97100,Maheshwari Fastners & Bright Pvt. Ltd.,181,43,2,45,50,45
24202,Manufacture of basic metals,Manufacture of basic precious and other non-ferrous metals,97114,Sagar Asia Pvt. Ltd.,155,30,15,45,50,45
10309,Manufacture of food products,Processing and preserving of fruit and vegetables,97152,Gubba Agrofresh Pvt. Ltd.,177,15,0,15,20,15
24202,Manufacture of basic metals,Manufacture of basic precious and other non-ferrous metals,97155,J V Castings,241,15,0,15,20,15
16213,Manufacture of wood and products of wood and cork,Manufacture of products of wood,97262,Standard Doors,76,50,0,50,50,50
22203,Manufacture of rubber and plastics products,Manufacture of plastics products,97526,SM Rotoflex Pvt. Ltd.,488,18,6,24,50,24
24320,Manufacture of basic metals,Casting of metals,97532,Lotus Aluminium Pvt. Ltd.,153,16,1,17,20,17
1640,Crop and animal production,Support activities to agriculture and post-harvest crop activities,97611,Neo Seeds India Ltd.,30,28,3,31,50,31
18119,Printing and reproduction of recorded media,Printing and service activities related to printing,97626,Odin Press Pvt. Ltd.,79,35,5,40,50,40
25991,Manufacture of fabricated metal products,Manufacture of other fabricated metal products; metalworking service,97631,Shivam Industries,150,10,5,15,20,15
17012,Manufacture of paper and paper products,Manufacture of paper and paper products,35962,"A.G.A Publicaiton Ltd.,",321,60,0,60,100,60
18112,Printing and reproduction of recorded media,Printing and service activities related to printing,97673,Sri Lakshmi Narayana Book Binder Pvt. Ltd.,74,73,0,73,100,73
10732,Manufacture of food products,Manufacture of other food products,97843,Kayempee Foods Pvt. Ltd.,600,60,20,80,250,80
31005,Manufacture of furniture,Manufacture of furniture,97900,"Fortune Foam Pvt. Ltd.,",981,180,20,200,250,200
24202,Manufacture of basic metals,Manufacture of basic precious and other non-ferrous metals,97911,Sagar Asia Pvt. Ltd.,8,23,0,23,50,23
1640,Crop and animal production,Support activities to agriculture and post-harvest crop activities,97881,"SVAS Agrotech Pvt. Ltd.,",90,9,6,15,20,15
20211,Manufacture of chemicals and chemical products,Manufacture of other chemical products,67081,Agasthy Agro Ltd.,135,21,0,21,50,21
10612,Manufacture of food products,Manufacture of grain mill products,67324,Sree Chandrasekhara BMR Mill,74,3,0,3,9,3
1640,Crop and animal production,Support activities to agriculture and post-harvest crop activities,67922,Bharathi Agro Enterprises ,1186,116,16,132,150,132
1640,Crop and animal production,Support activities to agriculture and post-harvest crop activities,67923,Syngenta India Ltd.,1400.08,237,20,257,500,257
24109,Manufacture of basic metals,Manufacture of basic iron and steel,97020,Grip Strapping Technologies Pvt. Ltd.,1500,120,0,120,150,120
1640,Crop and animal production,Support activities to agriculture and post-harvest crop activities,97044,Bharathi Brahma Seeds,152 KV,15,10,25,50,25
1640,Crop and animal production,Support activities to agriculture and post-harvest crop activities,97045,Bharathi Agro Tech,163 KV,15,10,25,50,25
1640,Crop and animal production,Support activities to agriculture and post-harvest crop activities,97108,Bharathi Enterprises,246,12,1,13,20,13
1640,Crop and animal production,Support activities to agriculture and post-harvest crop activities,97238,Bharathi Meena Seeds,162,60,20,80,100,80
1640,Crop and animal production,Support activities to agriculture and post-harvest crop activities,97239,Saraswathi Seeds,133,30,10,40,50,40
1640,Crop and animal production,Support activities to agriculture and post-harvest crop activities,97299,Bramha Agro Industries,71,20,12,32,50,32
1640,Crop and animal production,Support activities to agriculture and post-harvest crop activities,97356,Ultra Reach Agri Markets Ltd.,106,10,10,20,20,20
1640,Crop and animal production,Support activities to agriculture and post-harvest crop activities,97357,Chenai Seeds & Oils Ltd.,310,10,20,30,50,30
1640,Crop and animal production,Support activities to agriculture and post-harvest crop activities,97802,Raja Rajeshwari Seeds,300,35,0,35,50,35
1640,Crop and animal production,Support activities to agriculture and post-harvest crop activities,97811,SM Pakala,49,16,0,16,20,16
10309,Manufacture of food products,Processing and preserving of fruit and vegetables,97812,VLN Cold Storage,375,20,0,20,20,20
24319,Manufacture of basic metals,Casting of metals,67598,Megacity Moulding,30,21,0,21,50,21
1640,Crop and animal production,Support activities to agriculture and post-harvest crop activities,67645,Sam Agritech Ltd.,84,77,25,102,150,102
10802,Manufacture of food products,Manufacture of prepared animal feeds,67674,Sneha Farms Pvt. Ltd.,1288,45,10,55,100,55
10802,Manufacture of food products,Manufacture of prepared animal feeds,67953,Diamond Hitech Poultry Feeds Pvt. Ltd.,629,25,0,25,50,25
1640,Crop and animal production,Support activities to agriculture and post-harvest crop activities,97043,Sai Agritech,75,10,15,25,50,25
10619,Manufacture of food products,Manufacture of grain mill products,97110,Satya Sai Transport,581,92,20,112,150,112
22207,Manufacture of rubber and plastics products,Manufacture of plastics products,97111,Fibermite Composites Ltd.,65,11,0,11,20,11
49300,Land transport and transport via pipelines,Transport via pipeline,97251,"Reliance Gas Transportation Infrastructure Ltd,     compressor station 4",130243,51,0,51,100,51
21005,Manufacture of pharmaceuticals,Manufacture of pharmaceuticals,97331,Godrej Agrovet Ltd.,445,30,22,52,100,52
8106,Other mining and quarrying,Quarrying of stone,97460,Sri Venkateshwara Stone Crushers,126,8,0,8,9,8
22203,Manufacture of rubber and plastics products,Manufacture of plastics products,97568,Pankaj Polytech Pvt. Ltd.,641.5,75,10,85,100,85
10712,Manufacture of food products,Manufacture of other food products,97714,Sri Satya Sai Industries,180,110,0,110,150,110
18121,Printing and reproduction of recorded media,Printing and service activities related to printing,97745,Bhaskar Paper Products,95,35,0,35,50,35
10612,Manufacture of food products,Manufacture of grain mill products,62379,Sri Sai Balaji Binny Rice Mill,74,7,0,7,9,7
10612,Manufacture of food products,Manufacture of grain mill products,62944,Sri Lakshmi Narsimha B R Mill,75,7,0,7,9,7
23932,Manufacture of other non-metallic mineral products,Manufacture of non-metallic mineral products n.e.c.,62582,Khandelwal Ceramics Pvt.Ltd.,124,25,5,30,50,30
17012,Manufacture of paper and paper products,Manufacture of paper and paper products,35482,Strobel Industries ,65.3,10,0,10,20,12
17012,Manufacture of paper and paper products,Manufacture of paper and paper products,63350,Amoda Publications Pvt. Ltd,74,30,10,40,50,40
22203,Manufacture of rubber and plastics products,Manufacture of plastics products,97275,Swastik Shrink  Pack,60,6,12,18,20,18
22209,Manufacture of rubber and plastics products,Manufacture of plastics products,97285,Bartronics India Ltd.,755,65,10,75,100,75
10712,Manufacture of food products,Manufacture of other food products,97571,Real Agro Industries Pvt. Ltd.,1091.5,390,0,390,500,390
17013,Manufacture of paper and paper products,Manufacture of paper and paper products,97024,Limra Paper Mills Pvt. Ltd.,967,34,5,39,50,39
43301,Specialized construction activities,Building completion and finishing,97682,Monarch Ergonomics India P Ltd,615,78,12,90,100,90
11043,Manufacture of beverages,Manufacture of beverages,97765,Vivala Beverages Pvt. Ltd.,175,12,0,12,20,12
52109,Warehousing and support activities for transportation,Warehousing and storage,97800,Dendi Agro Farms Pvt.Ltd. ,227,15,0,15,20,15
52109,Warehousing and support activities for transportation,Warehousing and storage,97852,Cold Space Agrotek,430,12,0,12,20,12
8106,Other mining and quarrying,Quarrying of stone,97470,Mahalaxmi Metal Industries,150,8,0,8,9,8
8106,Other mining and quarrying,Quarrying of stone,67803,Rank Silicon& Industries Pvt. Ltd.,895,25,0,25,50,25
31003,Manufacture of furniture,Manufacture of furniture,97492,Luxus India Pvt. Ltd.,167,45,5,50,50,50
27504,Manufacture of electrical equipment,Manufacture of domestic appliances,62900,Titan Energy Systems,690,140,20,160,250,160
29301,Manufacture of motor vehicles,Manufacture of parts and accessories for motor vehicles,67330,Lokesh Machines Ltd.,5000,300,0,300,500,300
17013,Manufacture of paper and paper products,Manufacture of paper and paper products,65828,S.M.M. Paper Marketing U-II,28,25,5,30,15,30
25999,Manufacture of fabricated metal products,Manufacture of other fabricated metal products; metalworking service,97784,Bharathi Engg.Works,150,38,0,38,50,38
18121,Printing and reproduction of recorded media,Printing and service activities related to printing,97142,Star Stationery Manufacturers,224,65,20,85,100,85
10796,Manufacture of food products,Manufacture of other food products,97297,Patwari Foods Pvt. Ltd.,490,125,15,140,150,140
22209,Manufacture of rubber and plastics products,Manufacture of plastics products,97785,Agasthy Poly Pack Pvt. Ltd.,145,10,0,10,20,10
52109,Warehousing and support activities for transportation,Warehousing and storage,97851,Himalaya Cold Storage,209,12,3,15,20,15
10309,Manufacture of food products,Processing and preserving of fruit and vegetables,97151,GNR Cold storage Pvt. Ltd.,134,11,0,11,20,11
10309,Manufacture of food products,Processing and preserving of fruit and vegetables,97580,Jam Jam Cold Storage & Agro Pvt.Ltd.,217.5,16,0,16,20,16
1640,Crop and animal production,Support activities to agriculture and post-harvest crop activities,97075,Ultra Reach Agri Markets Ltd.,87,10,20,30,50,30
25993,Manufacture of fabricated metal products,Manufacture of other fabricated metal products; metalworking service,67996,Patil Steel Wires Pvt. Ltd.,209,25,0,25,50,25
1640,Crop and animal production,Support activities to agriculture and post-harvest crop activities,62414,Chenai Seeds & Oils Ltd.,100 KVA,24,38,62,100,62
1640,Crop and animal production,Support activities to agriculture and post-harvest crop activities,62643,Ultra Seedtech (India) Pvt. Ltd.,125kv,40,15,55,100,55
1640,Crop and animal production,Support activities to agriculture and post-harvest crop activities,67997,Bisco - Bio Sciences Pvt. Ltd.,487,123,11,134,150,134
1640,Crop and animal production,Support activities to agriculture and post-harvest crop activities,67464,PHI Seeds Pvt. Ltd.,3448,275,75,350,500,350
11019,Manufacture of beverages,Manufacture of beverages,67019,RK Distilleries Pvt. Ltd.,286,105,70,175,250,175
13111,Manufacture of textiles,Spinning,62727,Sriram Spinning Mills Ltd.,3000,290,45,335,500,335
22202,Manufacture of rubber and plastics products,Manufacture of plastics products,62726,Sangam Health Care Product Ltd.,3131,120,150,270,500,270
10309,Manufacture of food products,Processing and preserving of fruit and vegetables,97150,Gubba Green Cold Pvt. Ltd.,134,11,0,11,20,11
1640,Crop and animal production,Support activities to agriculture and post-harvest crop activities,97190,Ultra Reach  Finance Co. Ltd.,87,10,0,10,20,10
45200,Wholesale and retail trade and repair of motor vehicles and motorcycles,Maintenance and repair of motor vehicles,97334,DRS Logistics Pvt. Ltd.,91,56,2,58,100,58
10309,Manufacture of food products,Processing and preserving of fruit and vegetables,97718,Gubba Cold Storage Ltd.,284.5,19,0,19,20,19
17022,Manufacture of paper and paper products,Manufacture of paper and paper products,62677,Vivala Cartons Pvt. Ltd.,75,15,10,25,50,25
17022,Manufacture of paper and paper products,Manufacture of paper and paper products,97644,Omni Paper Convertors Pvt. Ltd.,255,80,5,85,100,85
17022,Manufacture of paper and paper products,Manufacture of paper and paper products,97731,"JDM Fruit Products Pvt. Ltd.,",74,24,0,24,50,24
32409,Manufacture of games and toys,Manufacture of games and toys,97869,"Benny & Bunny Toys India Pvt.Ltd,",30,95,2,97,150,97